Timestamp,RS,State,abs_1st_vac_A12-A17,abs_1st_vac_A18-A59,abs_1st_vac_A00-A59,abs_1st_vac_A60+,abs_2nd_vac_A12-A17,abs_2nd_vac_A18-A59,abs_2nd_vac_A00-A59,abs_2nd_vac_A60+,abs_3rd_vac_A12-A17,abs_3rd_vac_A18-A59,abs_3rd_vac_A00-A59,abs_3rd_vac_A60+
1618876800,16,Thüringen,-1,-1,153301,274294,-1,-1,50126,123872,,,,
1618963200,16,Thüringen,-1,-1,157673,282183,-1,-1,50639,126088,,,,
1619049600,16,Thüringen,-1,-1,161325,291042,-1,-1,52427,130427,,,,
1619136000,16,Thüringen,-1,-1,164943,298817,-1,-1,54338,134641,,,,
1619222400,16,Thüringen,-1,-1,167967,303152,-1,-1,56548,138633,,,,
1619308800,16,Thüringen,-1,-1,167967,303152,-1,-1,56548,138633,,,,
1619395200,16,Thüringen,-1,-1,169153,308505,-1,-1,60066,147089,,,,
1619481600,16,Thüringen,-1,-1,172155,312308,-1,-1,62087,150670,,,,
1619568000,16,Thüringen,-1,-1,175009,320861,-1,-1,62168,150889,,,,
1619654400,16,Thüringen,-1,-1,178170,331579,-1,-1,62569,152009,,,,
1619740800,16,Thüringen,-1,-1,191090,348294,-1,-1,69805,164859,,,,
1619827200,16,Thüringen,-1,-1,191090,348294,-1,-1,69805,164859,,,,
1619913600,16,Thüringen,-1,-1,191090,348294,-1,-1,69805,164859,,,,
1620000000,16,Thüringen,-1,-1,197442,364188,-1,-1,75785,171538,,,,
1620086400,16,Thüringen,-1,-1,200881,367645,-1,-1,77978,174665,,,,
1620172800,16,Thüringen,-1,-1,206695,377176,-1,-1,80683,179431,,,,
1620259200,16,Thüringen,-1,-1,213303,388107,-1,-1,84172,185320,,,,
1620345600,16,Thüringen,-1,-1,219508,398251,-1,-1,87878,191393,,,,
1620432000,16,Thüringen,-1,-1,224421,402710,-1,-1,91968,196066,,,,
1620518400,16,Thüringen,-1,-1,224421,402710,-1,-1,91968,196066,,,,
1620604800,16,Thüringen,-1,-1,226262,412205,-1,-1,92852,196988,,,,
1620691200,16,Thüringen,-1,-1,226262,412205,-1,-1,92852,196988,,,,
1620777600,16,Thüringen,-1,-1,230613,415968,-1,-1,95749,200546,,,,
1620864000,16,Thüringen,-1,-1,238825,426697,-1,-1,99886,206630,,,,
1620950400,16,Thüringen,-1,-1,256554,443439,-1,-1,104079,213319,,,,
1621036800,16,Thüringen,-1,-1,263177,446719,-1,-1,105459,215090,,,,
1621209600,16,Thüringen,-1,-1,270726,448708,-1,-1,106654,215791,,,,
1621296000,16,Thüringen,-1,-1,270726,448708,-1,-1,106654,215791,,,,
1621382400,16,Thüringen,-1,-1,283287,457144,-1,-1,112011,222520,,,,
1621468800,16,Thüringen,-1,-1,283287,457144,-1,-1,112011,222520,,,,
1621555200,16,Thüringen,-1,-1,301267,470897,-1,-1,117914,234561,,,,
1621641600,16,Thüringen,-1,-1,309513,475077,-1,-1,120511,237586,,,,
1621728000,16,Thüringen,-1,-1,309513,475077,-1,-1,120511,237586,,,,
1621814400,16,Thüringen,-1,-1,309513,475077,-1,-1,120511,237586,,,,
1621900800,16,Thüringen,-1,-1,321475,478765,-1,-1,128306,240298,,,,
1621987200,16,Thüringen,-1,-1,329030,482791,-1,-1,130678,243416,,,,
1622073600,16,Thüringen,-1,-1,337807,489085,-1,-1,134762,252356,,,,
1622160000,16,Thüringen,-1,-1,346814,494840,-1,-1,139078,260153,,,,
1622246400,16,Thüringen,-1,-1,354601,498404,-1,-1,142476,264090,,,,
1622332800,16,Thüringen,-1,-1,354601,498404,-1,-1,142476,264090,,,,
1622419200,16,Thüringen,-1,-1,360006,499613,-1,-1,149951,266253,,,,
1622505600,16,Thüringen,-1,-1,360006,499613,-1,-1,149951,266253,,,,
1622592000,16,Thüringen,-1,-1,375112,507625,-1,-1,155484,273746,,,,
1622678400,16,Thüringen,-1,-1,383538,513596,-1,-1,162265,281677,,,,
1622764800,16,Thüringen,-1,-1,391227,518462,-1,-1,167782,288653,,,,
1622851200,16,Thüringen,-1,-1,397003,521753,-1,-1,172054,293549,,,,
1622937600,16,Thüringen,-1,-1,397003,521753,-1,-1,172054,293549,,,,
1623024000,16,Thüringen,2267,391393,393660,528058,647,175597,176244,303541,-1,-1,-1,-1
1623110400,16,Thüringen,2267,395624,397891,530274,647,178771,179418,307972,-1,-1,-1,-1
1623196800,16,Thüringen,2590,400913,403503,533228,647,184060,184707,317573,-1,-1,-1,-1
1623283200,16,Thüringen,2914,405144,408058,536182,971,188291,189262,327913,-1,-1,-1,-1
1623369600,16,Thüringen,3238,411491,414729,538398,971,195696,196667,338253,-1,-1,-1,-1
1623456000,16,Thüringen,3238,416780,420018,539875,971,200985,201956,344161,-1,-1,-1,-1
1623542400,16,Thüringen,3238,416780,420018,539875,971,200985,201956,344161,-1,-1,-1,-1
1623628800,16,Thüringen,3562,422069,425631,541352,971,204159,205130,348592,-1,-1,-1,-1
1623715200,16,Thüringen,3562,426301,429863,542091,971,208390,209361,353024,-1,-1,-1,-1
1623801600,16,Thüringen,3886,431590,435476,544306,971,214737,215708,361886,-1,-1,-1,-1
1623888000,16,Thüringen,4210,437937,442147,546522,1295,223199,224494,372226,-1,-1,-1,-1
1623974400,16,Thüringen,4858,443226,448084,548738,1295,230604,231899,380350,-1,-1,-1,-1
1624060800,16,Thüringen,4858,448515,453373,549476,1295,235893,237188,385519,-1,-1,-1,-1
1624147200,16,Thüringen,4858,448515,453373,549476,1295,235893,237188,385519,-1,-1,-1,-1
1624233600,16,Thüringen,7772,456977,464749,550953,1295,238009,239304,387735,-1,-1,-1,-1
1624320000,16,Thüringen,8096,462266,470362,551692,1295,242240,243535,389951,-1,-1,-1,-1
1624406400,16,Thüringen,8420,468613,477033,553908,1619,248587,250206,396598,-1,-1,-1,-1
1624492800,16,Thüringen,8744,472845,481589,556123,1619,257050,258669,406199,-1,-1,-1,-1
1624579200,16,Thüringen,9068,477076,486144,558339,1619,265512,267131,412107,-1,-1,-1,-1
1624665600,16,Thüringen,9392,480249,489641,559077,1943,273975,275918,415800,-1,-1,-1,-1
1624752000,16,Thüringen,9392,480249,489641,559077,1943,273975,275918,415800,-1,-1,-1,-1
1624838400,16,Thüringen,11335,486596,497931,559816,1943,279264,281207,418015,-1,-1,-1,-1
1624924800,16,Thüringen,11659,488712,500371,560554,1943,284553,286496,421708,-1,-1,-1,-1
1625011200,16,Thüringen,11659,491885,503544,562031,1943,291958,293901,427616,-1,-1,-1,-1
1625097600,16,Thüringen,11983,497174,509157,564247,2267,303594,305861,435740,-1,-1,-1,-1
1625184000,16,Thüringen,11983,497174,509157,564247,2267,303594,305861,435740,-1,-1,-1,-1
1625270400,16,Thüringen,12307,501406,513713,565724,2267,313114,315381,442387,-1,-1,-1,-1
1625356800,16,Thüringen,12307,501406,513713,565724,2267,313114,315381,442387,-1,-1,-1,-1
1625443200,16,Thüringen,12631,509868,522499,567201,2590,332155,334745,449034,-1,-1,-1,-1
1625529600,16,Thüringen,12631,509868,522499,567201,2590,332155,334745,449034,-1,-1,-1,-1
1625616000,16,Thüringen,12631,513042,525673,568678,2914,346964,349878,458635,-1,-1,-1,-1
1625702400,16,Thüringen,12954,516215,529169,570155,2914,355427,358341,465282,-1,-1,-1,-1
1625788800,16,Thüringen,13278,518331,531609,571633,3238,364947,368185,471929,-1,-1,-1,-1
1625875200,16,Thüringen,13278,518331,531609,571633,3238,364947,368185,471929,-1,-1,-1,-1
1625961600,16,Thüringen,13278,518331,531609,571633,3238,364947,368185,471929,-1,-1,-1,-1
1626048000,16,Thüringen,13278,520446,533724,572371,5829,383988,389817,477837,-1,-1,-1,-1
1626134400,16,Thüringen,13278,521504,534782,572371,5829,390335,396164,481530,-1,-1,-1,-1
1626220800,16,Thüringen,13602,522562,536164,573110,6153,399855,406008,488916,-1,-1,-1,-1
1626307200,16,Thüringen,13602,525736,539338,574587,6801,410433,417234,497040,-1,-1,-1,-1
1626393600,16,Thüringen,13926,527851,541777,575325,7125,421011,428136,504425,-1,-1,-1,-1
1626480000,16,Thüringen,13926,527851,541777,575325,7125,421011,428136,504425,-1,-1,-1,-1
1626566400,16,Thüringen,13926,527851,541777,575325,7125,421011,428136,504425,-1,-1,-1,-1
1626652800,16,Thüringen,14250,529967,544217,576064,9392,437937,447329,514026,-1,-1,-1,-1
1626739200,16,Thüringen,14574,531025,545599,576802,9716,443226,452942,516242,-1,-1,-1,-1
1626825600,16,Thüringen,14574,533140,547714,577541,10040,450630,460670,520673,-1,-1,-1,-1
1626912000,16,Thüringen,14898,535256,550154,578279,10363,458035,468398,525843,-1,-1,-1,-1
1626998400,16,Thüringen,15222,537372,552594,579018,11011,466498,477509,529536,-1,-1,-1,-1
1627084800,16,Thüringen,15222,537372,552594,579018,11011,466498,477509,529536,-1,-1,-1,-1
1627171200,16,Thüringen,15222,537372,552594,579018,11011,466498,477509,529536,-1,-1,-1,-1
1627257600,16,Thüringen,15615,540545,556160,579757,11500,479192,490692,540614,-1,-1,-1,-1
1627344000,16,Thüringen,15931,541603,557534,580495,11711,483423,495134,542091,-1,-1,-1,-1
1627430400,16,Thüringen,16248,543718,559966,581234,12028,489770,501798,545045,-1,-1,-1,-1
1627516800,16,Thüringen,16459,544776,561235,581234,12344,496117,508461,548738,-1,-1,-1,-1
1627603200,16,Thüringen,16670,545834,562504,581972,12766,501406,514172,551692,-1,-1,-1,-1
1627689600,16,Thüringen,16670,545834,562504,581972,12766,501406,514172,551692,-1,-1,-1,-1
1627776000,16,Thüringen,16670,545834,562504,581972,12766,501406,514172,551692,-1,-1,-1,-1
1627862400,16,Thüringen,16775,547950,564725,582711,12977,509868,522845,560554,-1,-1,-1,-1
1627948800,16,Thüringen,16881,549008,565889,582711,13188,513042,526230,561293,-1,-1,-1,-1
1628035200,16,Thüringen,16986,550065,567051,583449,13399,517273,530672,563509,-1,-1,-1,-1
1628121600,16,Thüringen,17303,551123,568426,583449,13610,521504,535114,566463,-1,-1,-1,-1
1628208000,16,Thüringen,17408,552181,569589,584188,13821,525736,539557,567940,-1,-1,-1,-1
1628294400,16,Thüringen,17408,552181,569589,584188,13821,525736,539557,567940,-1,-1,-1,-1
1628380800,16,Thüringen,17408,552181,569589,584188,13821,525736,539557,567940,-1,-1,-1,-1
1628467200,16,Thüringen,17725,555354,573079,584926,14032,531025,545057,570155,-1,-1,-1,-1
1628553600,16,Thüringen,17831,556412,574243,585665,14138,532082,546220,570894,-1,-1,-1,-1
1628640000,16,Thüringen,17936,557470,575406,585665,14243,535256,549499,572371,-1,-1,-1,-1
1628726400,16,Thüringen,18147,558528,576675,586403,14560,538429,552989,573848,-1,-1,-1,-1
1628812800,16,Thüringen,18253,559586,577839,586403,14876,541603,556479,575325,-1,-1,-1,-1
1628899200,16,Thüringen,18253,559586,577839,586403,14876,541603,556479,575325,-1,-1,-1,-1
1628985600,16,Thüringen,18253,559586,577839,586403,14876,541603,556479,575325,-1,-1,-1,-1
1629072000,16,Thüringen,18991,563817,582808,587881,14982,545834,560816,576802,-1,-1,-1,-1
1629158400,16,Thüringen,19097,564875,583972,587881,15193,546892,562085,577541,-1,-1,-1,-1
1629244800,16,Thüringen,19308,566990,586298,588619,15298,549008,564306,578279,-1,-1,-1,-1
1629331200,16,Thüringen,19413,568048,587461,588619,15615,551123,566738,579757,-1,-1,-1,-1
1629417600,16,Thüringen,19519,569106,588625,589358,15826,553239,569065,581234,-1,-1,-1,-1
1629504000,16,Thüringen,19519,569106,588625,589358,15826,553239,569065,581234,-1,-1,-1,-1
1629590400,16,Thüringen,19519,569106,588625,589358,15826,553239,569065,581234,-1,-1,-1,-1
1629676800,16,Thüringen,20363,572280,592643,590096,16037,557470,573507,582711,-1,-1,-1,-1
1629763200,16,Thüringen,20574,573337,593911,590096,16459,559586,576045,583449,-1,-1,-1,-1
1629849600,16,Thüringen,20890,574395,595285,590835,16670,561701,578371,584188,-1,-1,-1,-1
1629936000,16,Thüringen,20996,576511,597507,591573,16881,563817,580698,585665,-1,-1,-1,-1
1630022400,16,Thüringen,21312,577569,598881,592312,17197,565933,583130,587142,-1,-1,-1,-1
1630108800,16,Thüringen,21312,577569,598881,592312,17197,565933,583130,587142,-1,-1,-1,-1
1630195200,16,Thüringen,21312,577569,598881,592312,17197,565933,583130,587142,-1,-1,-1,-1
1630281600,16,Thüringen,21418,591320,612738,586403,17092,580742,597834,581972,-1,-1,-1,-1
1630368000,16,Thüringen,21734,592378,614112,586403,17303,581800,599103,581972,-1,-1,-1,-1
1630454400,16,Thüringen,22156,593436,615592,587142,17514,583916,601430,582711,-1,-1,-1,-1
1630540800,16,Thüringen,22367,594494,616861,587142,17831,586031,603862,584188,-1,-1,-1,-1
1630627200,16,Thüringen,22578,595552,618130,587881,18042,588147,606189,584926,-1,-1,-1,-1
1630713600,16,Thüringen,22578,595552,618130,587881,18042,588147,606189,584926,-1,-1,-1,-1
1630800000,16,Thüringen,22578,595552,618130,587881,18042,588147,606189,584926,-1,-1,-1,-1
1630886400,16,Thüringen,23106,597667,620773,587881,18780,592378,611158,585665,-1,-1,-1,-1
1630972800,16,Thüringen,23211,598725,621936,588619,18991,593436,612427,586403,-1,-1,-1,-1
1631059200,16,Thüringen,23317,599783,623100,588619,19202,595552,614754,587142,-1,-1,-1,-1
1631145600,16,Thüringen,23634,601899,625533,589358,19308,596609,615917,587881,0,0,0,0
1631232000,16,Thüringen,23950,602956,626906,590096,19624,598725,618349,588619,0,0,0,0
1631318400,16,Thüringen,23950,602956,626906,590096,19624,598725,618349,588619,0,0,0,0
1631404800,16,Thüringen,23950,602956,626906,590096,19624,598725,618349,588619,0,0,0,0
1631491200,16,Thüringen,24478,605072,629550,590096,20468,602956,623424,589358,0,0,0,0
1631577600,16,Thüringen,24583,605072,629655,590096,20679,604014,624693,589358,0,0,0,0
1631664000,16,Thüringen,24689,606130,630819,590835,20890,605072,625962,590096,0,0,0,0
1631750400,16,Thüringen,25111,608245,633356,590835,20996,606130,627126,590835,0,0,0,0
1631836800,16,Thüringen,25533,609303,634836,591573,21312,608245,629557,591573,0,0,0,0
1631923200,16,Thüringen,25533,609303,634836,591573,21312,608245,629557,591573,0,0,0,0
1632009600,16,Thüringen,25533,609303,634836,591573,21312,608245,629557,591573,0,0,0,0
1632096000,16,Thüringen,26377,612477,638854,592312,21629,610361,631990,592312,0,0,0,0
1632182400,16,Thüringen,26482,612477,638959,592312,21945,611419,633364,592312,0,0,0,0
1632268800,16,Thüringen,26588,613535,640123,592312,22262,612477,634739,593050,0,0,0,0
1632355200,16,Thüringen,27010,614592,641602,593050,22367,613535,635902,593050,0,0,0,0
1632441600,16,Thüringen,27326,615650,642976,593050,22578,615650,638228,593789,0,0,0,0
1632528000,16,Thüringen,27326,615650,642976,593050,22578,615650,638228,593789,0,0,0,0
1632614400,16,Thüringen,27326,615650,642976,593050,22578,615650,638228,593789,0,0,0,0
1632700800,16,Thüringen,27854,617766,645620,593789,23000,617766,640766,594527,0,0,0,0
1632787200,16,Thüringen,27959,618824,646783,593789,23106,618824,641930,594527,0,0,0,0
1632873600,16,Thüringen,28170,619881,648051,593789,23317,619881,643198,595266,0,0,0,0
1632960000,16,Thüringen,28381,620939,649320,593789,23528,620939,644467,596005,0,0,0,0
1633046400,16,Thüringen,28592,621997,650589,594527,23845,623055,646900,596005,0,0,0,0
1633132800,16,Thüringen,28592,621997,650589,594527,23845,623055,646900,596005,0,0,0,0
1633219200,16,Thüringen,28592,621997,650589,594527,23845,623055,646900,596005,0,0,0,0
1633305600,16,Thüringen,28803,623055,651858,594527,24267,625171,649438,596743,0,0,0,0
1633392000,16,Thüringen,28803,624113,652916,594527,24372,625171,649543,596743,0,0,0,0
1633478400,16,Thüringen,29014,625171,654185,595266,24583,627286,651869,597482,0,0,0,0
1633564800,16,Thüringen,29225,625171,654396,595266,25005,629402,654407,597482,0,0,0,0
1633651200,16,Thüringen,29437,626228,655665,595266,25427,630460,655887,598220,0,0,0,0
1633737600,16,Thüringen,29437,626228,655665,595266,25427,630460,655887,598220,0,0,0,0
1633824000,16,Thüringen,29437,626228,655665,595266,25427,630460,655887,598220,0,0,0,0
1633910400,16,Thüringen,29753,628344,658097,596005,25955,633633,659588,598959,0,0,0,0
1633996800,16,Thüringen,29859,628344,658203,596005,26060,633633,659693,598959,0,0,0,0
1634083200,16,Thüringen,30070,630460,660530,596005,26271,635749,662020,599697,0,0,0,0
1634169600,16,Thüringen,30281,630460,660741,596743,26588,636807,663395,599697,0,0,0,0
1634256000,16,Thüringen,30492,631517,662009,596743,27010,637864,664874,600436,0,0,0,0
1634342400,16,Thüringen,30492,631517,662009,596743,27010,637864,664874,600436,0,0,0,0
1634428800,16,Thüringen,30492,631517,662009,596743,27010,637864,664874,600436,0,0,0,0
1634515200,16,Thüringen,30914,633633,664547,596743,27748,641038,668786,601174,0,0,0,0
1634601600,16,Thüringen,31019,634691,665710,596743,27748,641038,668786,601174,0,0,0,0
1634688000,16,Thüringen,31230,635749,666979,597482,28065,643153,671218,601174,0,0,0,0
1634774400,16,Thüringen,31441,636807,668248,597482,28276,644211,672487,601913,0,0,0,0
1634860800,16,Thüringen,31758,637864,669622,597482,28592,646327,674919,602651,0,0,0,0
1634947200,16,Thüringen,31758,637864,669622,597482,28592,646327,674919,602651,0,0,0,0
1635033600,16,Thüringen,31758,637864,669622,597482,28592,646327,674919,602651,0,0,0,0
1635120000,16,Thüringen,32074,638922,670996,598220,28803,647385,676188,602651,0,0,0,0
1635206400,16,Thüringen,32180,638922,671102,598220,28909,647385,676294,602651,0,0,0,0
1635292800,16,Thüringen,32496,639980,672476,598220,29120,648443,677563,602651,0,0,0,0
1635379200,16,Thüringen,32496,639980,672476,598220,29120,649500,678620,602651,0,0,0,0
1635465600,16,Thüringen,32918,641038,673956,598220,29437,650558,679995,604128,0,0,0,0
1635552000,16,Thüringen,32918,641038,673956,598220,29437,650558,679995,604128,0,0,0,0
1635638400,16,Thüringen,32918,641038,673956,598220,29437,650558,679995,604128,0,0,0,0
1635724800,16,Thüringen,33340,643153,676493,598959,29648,652674,682322,604867,0,0,0,0
1635811200,16,Thüringen,33340,643153,676493,598959,29753,652674,682427,604867,105,10578,10683,42097
1635897600,16,Thüringen,33657,643153,676810,598959,29964,653732,683696,604867,105,11636,11741,45789
1635984000,16,Thüringen,33868,644211,678079,598959,30175,654789,684964,605606,105,13751,13856,50220
1636070400,16,Thüringen,34184,645269,679453,598959,30492,655847,686339,605606,105,14809,14914,55390
1636156800,16,Thüringen,34184,645269,679453,598959,30492,655847,686339,605606,105,14809,14914,55390
1636243200,16,Thüringen,34184,645269,679453,598959,30492,655847,686339,605606,105,14809,14914,55390
1636329600,16,Thüringen,34712,647385,682097,599697,30808,657963,688771,606344,211,17982,18193,62037
1636416000,16,Thüringen,34712,647385,682097,599697,30914,657963,688877,606344,211,19040,19251,63514
1636502400,16,Thüringen,34923,648443,683366,599697,31125,659021,690146,606344,211,21156,21367,68684
1636588800,16,Thüringen,35134,648443,683577,599697,31441,660079,691520,607083,211,23272,23483,75331
1636675200,16,Thüringen,35451,650558,686009,600436,31758,662194,693952,607083,316,26445,26761,82716
1636761600,16,Thüringen,35451,650558,686009,600436,31758,662194,693952,607083,316,26445,26761,82716
1636848000,16,Thüringen,35451,650558,686009,600436,31758,662194,693952,607083,316,26445,26761,82716
1636934400,16,Thüringen,35978,652674,688652,600436,32074,664310,696384,607821,316,31734,32050,90840
1637020800,16,Thüringen,36084,652674,688758,600436,32074,664310,696384,607821,316,32792,33108,93056
1637107200,16,Thüringen,36295,653732,690027,601174,32391,665368,697759,608560,316,35965,36281,100441
1637193600,16,Thüringen,36506,654789,691295,601174,32602,666425,699027,608560,316,39139,39455,108565
1637280000,16,Thüringen,36928,655847,692775,601913,32918,667483,700401,609298,422,43370,43792,117428
1637366400,16,Thüringen,36928,655847,692775,601913,32918,667483,700401,609298,422,43370,43792,117428
1637452800,16,Thüringen,36928,655847,692775,601913,32918,667483,700401,609298,422,43370,43792,117428
1637539200,16,Thüringen,37666,661136,698802,602651,33446,670657,704103,609298,422,50775,51197,127768
1637625600,16,Thüringen,37877,662194,700071,602651,33446,671715,705161,609298,422,52890,53312,130722
1637712000,16,Thüringen,38088,663252,701340,603390,33762,672772,706534,610037,422,57122,57544,139584
1637798400,16,Thüringen,38405,666425,704830,603390,33973,673830,707803,610037,527,62411,62938,149924
1637884800,16,Thüringen,38827,669599,708426,604128,34290,675946,710236,610775,527,69816,70343,161002
1637971200,16,Thüringen,38827,669599,708426,604128,34290,675946,710236,610775,527,69816,70343,161002
1638057600,16,Thüringen,38827,669599,708426,604128,34290,675946,710236,610775,527,69816,70343,161002
1638144000,16,Thüringen,39460,677004,716464,604867,34606,681235,715841,611514,633,78278,78911,172080
1638230400,16,Thüringen,39671,678061,717732,605606,34712,681235,715947,611514,633,82509,83142,175773
1638316800,16,Thüringen,39987,680177,720164,605606,34923,683351,718274,612252,738,88856,89594,186113
1638403200,16,Thüringen,40304,683351,723655,606344,35134,684408,719542,612252,738,96261,96999,197929
1638489600,16,Thüringen,40620,685466,726086,607083,35451,685466,720917,612991,844,104724,105568,210485
1638576000,16,Thüringen,40620,685466,726086,607083,35451,685466,720917,612991,844,104724,105568,210485
1638662400,16,Thüringen,40620,685466,726086,607083,35451,685466,720917,612991,844,104724,105568,210485
1638748800,16,Thüringen,41043,690755,731798,607821,35978,690755,726733,612991,949,118475,119424,223778
1638835200,16,Thüringen,41254,692871,734125,608560,35978,690755,726733,613730,949,123764,124713,229687
1638921600,16,Thüringen,41570,694987,736557,609298,36189,692871,729060,613730,1055,133285,134340,241503
1639008000,16,Thüringen,41992,697102,739094,610037,36506,693929,730435,614468,1266,143863,145129,254797
1639094400,16,Thüringen,42414,699218,741632,610037,36822,694987,731809,614468,1371,155499,156870,268091
1639180800,16,Thüringen,42414,699218,741632,610037,36822,694987,731809,614468,1371,155499,156870,268091
1639267200,16,Thüringen,42414,699218,741632,610037,36822,694987,731809,614468,1371,155499,156870,268091
1639353600,16,Thüringen,42942,704507,747449,611514,37455,699218,736673,615207,1582,174540,176122,285077
1639440000,16,Thüringen,43153,705565,748718,611514,37561,700276,737837,615945,1688,181944,183632,291724
1639526400,16,Thüringen,43469,707680,751149,612252,37877,702391,740268,615945,1793,193580,195373,304280
1639612800,16,Thüringen,43997,709796,753793,612991,38194,704507,742701,616684,1899,205216,207115,318312
1639699200,16,Thüringen,45368,711912,757280,613730,38616,707680,746296,617422,2004,218968,220972,333083
1639785600,16,Thüringen,45368,711912,757280,613730,38616,707680,746296,617422,2004,218968,220972,333083
1639872000,16,Thüringen,45368,711912,757280,613730,38616,707680,746296,617422,2004,218968,220972,333083
1639958400,16,Thüringen,47373,715085,762458,614468,39249,710854,750103,618161,2110,238009,240119,348592
1640044800,16,Thüringen,45052,717201,762253,615207,39143,711912,751055,618161,2215,246471,248686,355239
1640131200,16,Thüringen,45368,719316,764684,615207,39565,714027,753592,618899,2321,257050,259371,364840
1640217600,16,Thüringen,45685,720374,766059,615945,39776,716143,755919,619638,2426,268686,271112,374441
1640304000,16,Thüringen,45685,720374,766059,615945,39776,716143,755919,619638,2426,268686,271112,374441
1640390400,16,Thüringen,45685,720374,766059,615945,39776,716143,755919,619638,2426,268686,271112,374441
1640476800,16,Thüringen,45685,720374,766059,615945,39776,716143,755919,619638,2426,268686,271112,374441
1640563200,16,Thüringen,46107,721432,767539,615945,40093,718259,758352,619638,2426,282437,284863,381827
1640649600,16,Thüringen,46212,722490,768702,615945,40304,719316,759620,619638,2426,286668,289094,384781
1640736000,16,Thüringen,46318,722490,768808,616684,40620,720374,760994,620376,2532,293015,295547,388474
1640822400,16,Thüringen,46529,723548,770077,616684,40937,722490,763427,620376,2637,300420,303057,392905
1640908800,16,Thüringen,46529,723548,770077,616684,40937,722490,763427,620376,2637,300420,303057,392905
1640995200,16,Thüringen,46529,723548,770077,616684,40937,722490,763427,620376,2637,300420,303057,392905
1641081600,16,Thüringen,46529,723548,770077,616684,40937,722490,763427,620376,2637,300420,303057,392905
1641168000,16,Thüringen,46740,723548,770288,616684,41148,724606,765754,621115,2743,306767,309510,397336
1641254400,16,Thüringen,46845,724606,771451,616684,41359,725663,767022,621115,2954,313114,316068,400290
1641340800,16,Thüringen,47162,725663,772825,617422,41781,727779,769560,621854,3692,323692,327384,407676
1641427200,16,Thüringen,47373,726721,774094,617422,42203,729895,772098,622592,4009,332155,336164,414323
1641513600,16,Thüringen,47690,727779,775469,617422,42731,733068,775799,623331,4536,341675,346211,422447
1641600000,16,Thüringen,47690,727779,775469,617422,42731,733068,775799,623331,4536,341675,346211,422447
1641686400,16,Thüringen,47690,727779,775469,617422,42731,733068,775799,623331,4536,341675,346211,422447
1641772800,16,Thüringen,48006,728837,776843,618161,43469,737299,780768,624069,6541,359658,366199,432048
1641859200,16,Thüringen,48217,728837,777054,618161,43680,738357,782037,624069,6858,364947,371805,435740
1641945600,16,Thüringen,48534,729895,778429,618161,44102,740473,784575,624808,7280,374467,381747,442387
1642032000,16,Thüringen,48745,730952,779697,618899,44524,742588,787112,625546,7596,381872,389468,449773
1642118400,16,Thüringen,49061,732010,781071,618899,44946,744704,789650,625546,8018,391393,399411,457897
1642204800,16,Thüringen,49061,732010,781071,618899,44946,744704,789650,625546,8018,391393,399411,457897
1642291200,16,Thüringen,49061,732010,781071,618899,44946,744704,789650,625546,8018,391393,399411,457897
1642377600,16,Thüringen,49378,733068,782446,618899,45263,745762,791025,626285,9495,405144,414639,465282
1642464000,16,Thüringen,49483,734126,783609,619638,45368,746820,792188,626285,9706,409375,419081,467498
1642550400,16,Thüringen,49694,734126,783820,619638,45685,747878,793563,627023,10128,415722,425850,471929
1642636800,16,Thüringen,49800,735184,784984,619638,45896,748935,794831,627023,10445,422069,432514,477837
1642723200,16,Thüringen,50116,736242,786358,619638,46107,749993,796100,627762,10972,429474,440446,483746
1642809600,16,Thüringen,50116,736242,786358,619638,46107,749993,796100,627762,10972,429474,440446,483746
1642896000,16,Thüringen,50116,736242,786358,619638,46107,749993,796100,627762,10972,429474,440446,483746
1642982400,16,Thüringen,50327,737299,787626,620376,46318,752109,798427,627762,11711,436879,448590,488177
1643068800,16,Thüringen,50433,737299,787732,620376,46423,753167,799590,627762,11922,440052,451974,489654
1643155200,16,Thüringen,50538,738357,788895,620376,46740,754224,800964,628500,12344,445341,457685,493347
1643241600,16,Thüringen,50644,738357,789001,620376,46951,756340,803291,629239,12661,450630,463291,497778
1643328000,16,Thüringen,50855,739415,790270,620376,47373,757398,804771,629239,12977,455919,468896,502948
1643414400,16,Thüringen,50855,739415,790270,620376,47373,757398,804771,629239,12977,455919,468896,502948
1643500800,16,Thüringen,50855,739415,790270,620376,47373,757398,804771,629239,12977,455919,468896,502948
1643587200,16,Thüringen,51171,740473,791644,621115,47690,760571,808261,629978,13716,463324,477040,505902
1643673600,16,Thüringen,51171,740473,791644,621115,47795,760571,808366,629978,13821,465440,479261,506641
1643760000,16,Thüringen,51382,741531,792913,621115,48112,762687,810799,630716,14032,468613,482645,509595
1643846400,16,Thüringen,51488,741531,793019,621115,48323,763745,812068,630716,14243,472845,487088,512549
1643932800,16,Thüringen,51593,742588,794181,621115,48639,764803,813442,631455,14560,477076,491636,515503
1644019200,16,Thüringen,51593,742588,794181,621115,48639,764803,813442,631455,14560,477076,491636,515503
1644105600,16,Thüringen,51593,742588,794181,621115,48639,764803,813442,631455,14560,477076,491636,515503
1644192000,16,Thüringen,51910,742588,794498,621115,48956,766918,815874,631455,15298,482365,497663,516980
1644278400,16,Thüringen,51910,742588,794498,621115,49061,767976,817037,631455,15404,483423,498827,517719
1644364800,16,Thüringen,52121,743646,795767,621854,49272,769034,818306,632193,15615,486596,502211,519934
1644451200,16,Thüringen,52121,743646,795767,621854,49483,770092,819575,632193,15826,488712,504538,522150
1644537600,16,Thüringen,52226,743646,795872,621854,49694,771150,820844,632932,16037,491885,507922,524366
1644624000,16,Thüringen,52226,743646,795872,621854,49694,771150,820844,632932,16037,491885,507922,524366
1644710400,16,Thüringen,52226,743646,795872,621854,49694,771150,820844,632932,16037,491885,507922,524366
1644796800,16,Thüringen,52437,744704,797141,621854,50011,773265,823276,632932,16459,495059,511518,525843
1644883200,16,Thüringen,52437,744704,797141,621854,50011,773265,823276,632932,16459,496117,512576,526581
1644969600,16,Thüringen,52543,744704,797247,621854,50116,773265,823381,632932,16775,497174,513949,527320
1645056000,16,Thüringen,52543,744704,797247,621854,50222,774323,824545,633670,16881,498232,515113,528058
1645142400,16,Thüringen,52648,744704,797352,621854,50433,774323,824756,633670,16986,500348,517334,528797
1645228800,16,Thüringen,52648,744704,797352,621854,50433,774323,824756,633670,16986,500348,517334,528797
1645315200,16,Thüringen,52648,744704,797352,621854,50433,774323,824756,633670,16986,500348,517334,528797
1645401600,16,Thüringen,52754,745762,798516,621854,50644,775381,826025,633670,17197,502464,519661,529536
1645488000,16,Thüringen,52754,745762,798516,621854,50644,776439,827083,633670,17197,502464,519661,530274
1645574400,16,Thüringen,52860,745762,798622,621854,50855,776439,827294,633670,17408,504579,521987,531013
1645660800,16,Thüringen,52860,745762,798622,621854,50960,777496,828456,634409,17408,505637,523045,532490
1645747200,16,Thüringen,52965,745762,798727,621854,51171,778554,829725,634409,17620,507753,525373,533967
1645833600,16,Thüringen,52965,745762,798727,621854,51171,778554,829725,634409,17620,507753,525373,533967
1645920000,16,Thüringen,52965,745762,798727,621854,51171,778554,829725,634409,17620,507753,525373,533967
1646006400,16,Thüringen,52965,745762,798727,621854,51277,779612,830889,634409,17725,509868,527593,534705
1646092800,16,Thüringen,53071,746820,799891,621854,51382,779612,830994,634409,17725,509868,527593,535444
1646179200,16,Thüringen,53071,746820,799891,621854,51488,779612,831100,635147,17831,510926,528757,536182
1646265600,16,Thüringen,53071,746820,799891,622592,51593,780670,832263,635147,17936,511984,529920,536921
1646352000,16,Thüringen,53176,746820,799996,622592,51699,780670,832369,635147,18042,514100,532142,537660
1646438400,16,Thüringen,53176,746820,799996,622592,51699,780670,832369,635147,18042,514100,532142,537660
1646524800,16,Thüringen,53176,746820,799996,622592,51699,780670,832369,635147,18042,514100,532142,537660
1646611200,16,Thüringen,53282,747878,801160,622592,51910,781728,833638,635147,18253,515157,533410,538398
1646697600,16,Thüringen,53282,747878,801160,622592,51910,781728,833638,635147,18253,515157,533410,538398
1646784000,16,Thüringen,53282,747878,801160,622592,52015,781728,833743,635147,18358,516215,534573,539137
1646870400,16,Thüringen,53387,747878,801265,622592,52121,782786,834907,635886,18464,517273,535737,539875
1646956800,16,Thüringen,53387,748935,802322,622592,52121,782786,834907,635886,18464,518331,536795,540614
1647043200,16,Thüringen,53387,748935,802322,622592,52121,782786,834907,635886,18464,518331,536795,540614
1647129600,16,Thüringen,53387,748935,802322,622592,52121,782786,834907,635886,18464,518331,536795,540614
1647216000,16,Thüringen,53387,748935,802322,622592,52226,783843,836069,635886,18675,519389,538064,541352
1647302400,16,Thüringen,53387,748935,802322,622592,52332,783843,836175,635886,18675,519389,538064,541352
1647388800,16,Thüringen,53493,748935,802428,622592,52332,783843,836175,635886,18780,520446,539226,542091
1647475200,16,Thüringen,53493,748935,802428,622592,52437,783843,836280,635886,18780,521504,540284,542829
1647561600,16,Thüringen,53493,748935,802428,622592,52437,783843,836280,635886,18886,522562,541448,543568
1647648000,16,Thüringen,53493,748935,802428,622592,52437,783843,836280,635886,18886,522562,541448,543568
1647734400,16,Thüringen,53493,748935,802428,622592,52437,783843,836280,635886,18886,522562,541448,543568
1647820800,16,Thüringen,53598,749993,803591,622592,52543,784901,837444,635886,19097,523620,542717,543568
1647907200,16,Thüringen,53598,749993,803591,622592,52543,784901,837444,635886,19097,523620,542717,544306
